{
  "averageWattConsumption": 11.34265633543517,
  "averageMaxWattConsumption": 15.005472700000002,
  "averageMaxWattPosition": 9.15,
  "averageInstants": 90.2,
  "averageDuration": 10.662758803367614,
  "averageJoules": 120.92596086895647
}
