{
  "averageWattConsumption": 14.006311429166667,
  "averageMaxWattConsumption": 15.2022715,
  "averageMaxWattPosition": 1.9,
  "averageInstants": 3.55,
  "averageDuration": 0.31614733934402467,
  "averageJoules": 4.416160428612832
}
