{
  "averageWattConsumption": 13.93420440815037,
  "averageMaxWattConsumption": 15.39767995,
  "averageMaxWattPosition": 8.45,
  "averageInstants": 17.55,
  "averageDuration": 2.1027036786079405,
  "averageJoules": 29.311641046998687
}
