{
  "averageWattConsumption": 14.31856484113553,
  "averageMaxWattConsumption": 15.631480399999997,
  "averageMaxWattPosition": 8,
  "averageInstants": 14.2,
  "averageDuration": 1.6697876691818236,
  "averageJoules": 23.907966079918022
}
