{
  "averageWattConsumption": 10.140052975872603,
  "averageMaxWattConsumption": 14.931951700000003,
  "averageMaxWattPosition": 11.1,
  "averageInstants": 21.05,
  "averageDuration": 0.4920473575592041,
  "averageJoules": 4.954931943658014
}
