{
  "averageWattConsumption": 12.807635,
  "averageMaxWattConsumption": 13.97833245,
  "averageMaxWattPosition": 1,
  "averageInstants": 2.6,
  "averageDuration": 0.19888558387756347,
  "averageJoules": 2.543591165449639
}
