{
  "averageWattConsumption": 11.837390358195067,
  "averageMaxWattConsumption": 15.4076029,
  "averageMaxWattPosition": 11.35,
  "averageInstants": 85.9,
  "averageDuration": 10.123286640644073,
  "averageJoules": 119.83010799382767
}
